HCA3158QA6,16
UES9151GS5,16
POP2875LH3,14
SPR4484HA6,14
EZC9678QI6,13
CXN7304ER2,11
YMH6360YP0,11
WTC9125IE5,11
WBE6935NU3,11
VZY2993ME1,10
CKZ3132BR4,10
SPR4484HA6,9
DAZ3029XA0,9
BWI0520BG6,9
BWI0520BG6,8
WYU2010YH8,8
EZC9678QI6,8
XFG5747ZT9,8
DAZ3029XA0,8
PAJ3974RK1,7
PUD8209OG3,7
CKZ3132BR4,7
PUD8209OG3,7
LLZ3798PE3,7
JBE2302VO4,7
HGO4350KK1,6
IEG9308EA5,6
DAZ3029XA0,6
UES9151GS5,6
BWI0520BG6,6
JJM4724RF7,6
CDC0302NN5,6
HGO4350KK1,6
HCA3158QA6,5
JBE2302VO4,5
JJM4724RF7,5
PIT2755XC1,5
XFG5747ZT9,5
MXU9187YC7,5
EDV2089LK5,5
SJD8775RZ4,5
JJM4724RF7,5
PUD8209OG3,5
WYU2010YH8,5
CYJ0225CH1,5
JJM4724RF7,5
KKP5277HZ7,5
MXU9187YC7,5
CXN7304ER2,5
SJD8775RZ4,4
CDC0302NN5,4
WBE6935NU3,4
ONL0812DH1,4
KKP5277HZ7,4
SJD8775RZ4,4
LLZ3798PE3,4
ONL0812DH1,4
PUD8209OG3,4
WYU2010YH8,3
CYJ0225CH1,3
HGO4350KK1,3
VZY2993ME1,3
CYJ0225CH1,3
EDV2089LK5,3
YMH6360YP0,3
ONL0812DH1,3
EDV2089LK5,3
HGO4350KK1,3
IEG9308EA5,3
POP2875LH3,3
WTC9125IE5,3
PIT2755XC1,3
WYU2010YH8,3
LLZ3798PE3,3
VZY2993ME1,3
SJD8775RZ4,3
LLZ3798PE3,2
JBE2302VO4,2
UES9151GS5,2
KKP5277HZ7,2
MXU9187YC7,2
CDC0302NN5,2
CKZ3132BR4,2
WBE6935NU3,2
JBE2302VO4,2
WBE6935NU3,2
MXU9187YC7,2
PAJ3974RK1,2
YMH6360YP0,2
POP2875LH3,2
EDV2089LK5,2
ONL0812DH1,1
IEG9308EA5,1
UMH6360YP0,1
CXN7304ER2,1
PAJ3974RK1,1
UES9151GS5,1
